Bedok-Bedok_6.MOV
Bedok-Bedok_7.mov
Bishan-Bishan_6.MOV
Bishan-Bishan_7.mov
BoonLay-BoonLay_6.MOV
BoonLay-BoonLay_7.mov
Braddell-Braddell_6.MOV
Braddell-Braddell_7.mov
BukitBatok-BukitBatok_6.MOV
BukitGombak-BukitGombak_6.MOV
BukitGombak-BukitGombak_7.mov
BuonaVista-BuonaVista_6.MOV
BuonaVista-BuonaVista_7.mov
CityHall-CityHall_6.MOV
CityHall-CityHall_7.mov
Clementi-Clementi_6.mov
Clementi-Clementi_7.mov
Commonwealth-Commonwealth_6.mov
Commonwealth-Commonwealth_7.mov
DhobyGhaut-DhobyGhaut_6.mov
DhobyGhaut-DhobyGhaut_7.mov
Eunos-Eunos_7.mov
Kallang-Kallang_6.MOV
Kallang-Kallang_7.mov
Khatib-Khatib_6.mov
Khatib-Khatib_7.mov
MarinaSouthPier-MarinaSouthPier_6.MOV
MarinaSouthPier-MarinaSouthPier_7.mov
MoneyB-MoneyB_6.MOV
MoneyB-MoneyB_7.mov
Newton-Newton_6.MOV
Newton-Newton_7.mov
Novena-Novena_6.MOV
Novena-Novena_7.mov
Orchard-Orchard_6.mov
Orchard-Orchard_7.mov
OutramPark-OutramPark_6.mov
OutramPark-OutramPark_7.mov